enrollment_id,course_id,learner_id,completion_pct,fee_paid,enrolled_date
E-001,301,L001,80.0,9000.0,2024-03-01
E-002,302,L002,70.0,9000.0,2024-03-01
E-003,303,L003,90.0,7000.0,2024-03-02
E-004,304,L004,60.0,12000.0,2024-03-02
E-005,301,L005,85.0,8000.0,2024-03-03
E-006,302,L006,75.0,10000.0,2024-03-03
E-007,303,L007,65.0,8000.0,2024-03-04
E-008,304,L008,95.0,9000.0,2024-03-04
E-009,301,L009,55.0,10000.0,2024-03-05
E-010,302,L010,88.0,8500.0,2024-03-05
E-011,303,L011,72.0,7500.0,2024-03-06
E-012,304,L012,70.0,8314.29,2024-03-06
E-013,101,L013,90.0,9000.0,2024-03-07
E-014,102,L014,60.0,11000.0,2024-03-07
E-015,103,L015,75.0,7000.0,2024-03-08
E-016,101,L016,50.0,9000.0,2024-03-08
E-017,102,L017,100.0,11000.0,2024-03-09
E-018,103,L018,40.0,7000.0,2024-03-09
E-019,201,L019,80.0,9500.0,2024-03-10
E-020,202,L020,70.0,10500.0,2024-03-10
E-021,203,L021,65.0,13000.0,2024-03-11
E-022,201,L022,85.0,9500.0,2024-03-11
E-023,202,L023,55.0,10500.0,2024-03-12
E-024,203,L024,95.0,13000.0,2024-03-12
E-025,401,L025,60.0,6000.0,2024-03-13
E-026,402,L026,80.0,7500.0,2024-03-13
E-027,403,L027,70.0,8500.0,2024-03-14
E-028,401,L028,90.0,6000.0,2024-03-14
E-029,402,L029,50.0,7500.0,2024-03-15
E-030,403,L030,100.0,8500.0,2024-03-15
E-001,301,L001,10.0,1.0,2024-03-16
E-013,101,L013,10.0,1.0,2024-03-16
E-019,201,L019,10.0,1.0,2024-03-17
E-031,101,L031,70.0,,2024-03-17
E-032,301,L032,80.0,,2024-03-18
E-033,201,L033,60.0,,2024-03-18
E-034,999,L034,50.0,5000.0,2024-03-19
E-035,888,L035,40.0,4000.0,2024-03-19
