order_id,item_id,cafe_id,quantity,unit_price,order_date
ORD-001,101,1,2.0,3.50,2024-01-03
ORD-002,102,1,1.0,4.75,2024-01-03
ORD-003,201,1,3.0,2.80,2024-01-03
ORD-004,301,2,4.0,1.50,2024-01-04
ORD-005,401,2,2.0,5.25,2024-01-04
ORD-006,202,1,5.0,3.20,2024-01-04
ORD-007,103,3,1.0,4.25,2024-01-05
ORD-008,203,1,2.0,6.50,2024-01-05
ORD-009,302,2,3.0,2.40,2024-01-05
ORD-010,402,3,1.0,6.00,2024-01-06
ORD-011,104,1,2.0,3.00,2024-01-06
ORD-012,204,2,4.0,2.50,2024-01-06
ORD-013,303,1,2.0,2.00,2024-01-07
ORD-014,403,3,3.0,3.75,2024-01-07
ORD-015,101,2,3.0,3.50,2024-01-07
ORD-016,201,1,1.0,2.80,2024-01-08
ORD-017,102,3,2.0,4.75,2024-01-08
ORD-018,202,2,6.0,3.20,2024-01-08
ORD-019,301,1,1.0,1.50,2024-01-09
ORD-020,401,2,4.0,5.25,2024-01-09
ORD-021,203,3,3.0,6.50,2024-01-09
ORD-022,103,1,2.0,4.25,2024-01-10
ORD-023,302,2,5.0,2.40,2024-01-10
ORD-024,402,1,2.0,6.00,2024-01-10
ORD-025,204,3,2.0,2.50,2024-01-11
ORD-026,104,2,1.0,3.00,2024-01-11
ORD-027,303,1,4.0,2.00,2024-01-11
ORD-028,403,3,1.0,3.75,2024-01-12
ORD-029,201,2,4.0,2.80,2024-01-12
ORD-030,102,1,3.0,4.75,2024-01-12
ORD-031,202,3,2.0,3.20,2024-01-13
ORD-032,301,2,2.0,1.50,2024-01-13
ORD-033,401,1,1.0,5.25,2024-01-13
ORD-034,203,2,1.0,6.50,2024-01-14
ORD-035,103,3,4.0,4.25,2024-01-14
ORD-036,302,1,1.0,2.40,2024-01-14
ORD-037,402,2,3.0,6.00,2024-01-15
ORD-038,204,1,5.0,2.50,2024-01-15
ORD-039,104,3,3.0,3.00,2024-01-15
ORD-040,303,2,3.0,2.00,2024-01-16
ORD-041,403,1,2.0,3.75,2024-01-16
ORD-042,201,3,2.0,2.80,2024-01-16
ORD-043,101,2,1.0,3.50,2024-01-17
ORD-044,202,1,3.0,3.20,2024-01-17
ORD-045,301,3,6.0,1.50,2024-01-17
ORD-003,201,1,9.0,2.80,2024-01-18
ORD-010,402,3,8.0,6.00,2024-01-18
ORD-020,401,2,7.0,5.25,2024-01-19
ORD-046,999,1,2.0,9.99,2024-01-19
ORD-047,888,2,5.0,1.00,2024-01-20
ORD-048,101,1,,3.50,2024-01-20
ORD-049,201,2,,2.80,2024-01-21
ORD-050,301,3,0.0,1.50,2024-01-21
ORD-051,401,1,-2.0,5.25,2024-01-22
ORD-052,102,2,-1.0,4.75,2024-01-22
ORD-053,203,3,0.0,6.50,2024-01-23
