visit_id,service_id,clinic_id,consultation_fee,medicine_fee,visit_date
V-001,1,101,300.0,250.0,2024-02-01
V-002,2,102,400.0,150.0,2024-02-01
V-003,3,101,450.0,100.0,2024-02-02
V-004,6,102,500.0,50.0,2024-02-02
V-005,1,101,280.0,270.0,2024-02-03
V-006,7,102,350.0,200.0,2024-02-03
V-007,4,201,220.0,180.0,2024-02-04
V-008,5,202,150.0,350.0,2024-02-04
V-009,8,201,200.0,120.0,2024-02-05
V-010,2,202,380.0,90.0,2024-02-05
V-011,3,301,420.0,80.0,2024-02-06
V-012,6,302,550.0,120.0,2024-02-06
V-013,1,301,310.0,190.0,2024-02-07
V-014,7,302,360.0,140.0,2024-02-07
V-015,4,401,240.0,160.0,2024-02-08
V-016,5,402,175.0,325.0,2024-02-08
V-017,8,401,210.0,140.0,2024-02-09
V-018,2,402,390.0,110.0,2024-02-09
V-019,3,201,440.0,60.0,2024-02-10
V-020,6,301,480.0,70.0,2024-02-10
V-021,1,401,290.0,210.0,2024-02-11
V-022,7,202,340.0,160.0,2024-02-11
V-023,4,201,230.0,170.0,2024-02-12
V-024,5,302,160.0,340.0,2024-02-12
V-001,1,101,999.0,999.0,2024-02-13
V-007,4,201,888.0,888.0,2024-02-13
V-015,4,401,777.0,777.0,2024-02-14
V-025,1,101,,250.0,2024-02-14
V-026,2,201,400.0,,2024-02-15
V-027,3,301,,100.0,2024-02-15
V-028,4,401,220.0,,2024-02-16
V-029,99,101,300.0,200.0,2024-02-16
V-030,5,999,150.0,350.0,2024-02-17
V-031,88,888,100.0,100.0,2024-02-17
